Label,Id
0,1478
1,2738
2,830
0,2974
1,1064
0,337
1,507
0,1406
1,1000
1,1201
0,383
1,2177
0,722
1,606
1,1971
1,1716
1,3005
0,2386
0,2239
0,1299
0,1482
1,755
2,197
1,2718
0,1184
1,1324
2,1444
2,163
0,2880
0,56
0,2362
0,2952
1,1609
1,854
0,296
1,2393
0,626
0,2162
0,1663
1,565
2,1283
1,2316
1,2755
0,1224
2,2025
0,1541
1,1803
2,384
0,1405
1,1831
1,1959
0,805
0,2859
0,2224
1,1997
0,1155
1,447
1,688
1,2736
0,192
0,1651
1,664
2,1461
0,2104
0,2964
1,2263
2,2942
1,26
1,1322
1,1870
2,1289
2,1135
2,1269
0,1061
0,1785
1,260
1,1408
1,2627
2,161
0,168
1,102
2,1443
0,1512
0,2396
0,1666
0,422
0,1130
1,475
0,134
0,1667
2,2013
1,1938
0,2289
0,1822
0,1502
0,867
2,1455
1,1573
1,740
2,277
2,948
1,1964
1,881
0,828
1,80
0,1889
2,534
0,43
1,891
1,2601
0,1847
0,2223
0,1424
1,2756
1,109
1,1927
1,520
2,941
1,2740
1,262
0,1644
1,1181
1,2551
0,283
1,2201
2,802
2,2676
0,1186
1,590
2,2938
0,629
1,442
1,1127
0,1233
1,2252
0,2622
0,1747
0,2845
1,2643
1,2724
1,2686
1,2457
1,888
1,1163
0,1390
1,1350
1,977
1,359
1,2317
1,1948
0,213
0,2351
0,639
1,884
0,2341
1,497
0,2579
1,1049
2,2577
1,1564
1,380
0,210
1,294
1,2200
1,88
0,36
1,2266
0,1227
0,1687
1,297
1,1100
2,2680
0,132
2,396
1,1676
2,2565
1,2267
0,1620
0,1546
1,605
1,2259
0,184
0,2251
1,1867
1,1588
2,774
1,2436
1,1505
1,1346
0,1470
2,357
1,993
1,1354
0,2256
2,228
1,1767
1,2960
1,1939
1,2090
1,2900
0,2336
0,249
0,333
0,1727
2,538
2,1250
0,2983
1,1055
0,783
0,1894
0,622
0,342
1,2275
0,338
1,2098
1,848
1,1817
1,2254
0,2842
1,1120
2,1256
1,1008
1,786
2,2114
2,1463
1,180
1,1830
0,637
1,508
1,1018
1,2825
1,1591
0,2713
1,2379
0,1513
2,1432
1,1705
1,1545
2,443
2,1251
2,394
1,1983
0,2625
1,2958
1,1226
1,112
0,1149
2,2928
1,1384
1,2466
1,677
1,2719
1,905
1,2890
1,1981
1,1945
0,733
0,2570
1,2459
0,1766
1,716
1,1353
1,82
0,1510
0,500
2,152
1,321
0,66
0,2793
0,206
2,397
0,1129
0,516
1,2067
2,791
1,365
1,1934
0,1116
0,1921
0,2345
2,1451
2,1454
0,2621
1,2761
1,327
0,2799
0,2837
1,745
0,2036
0,2863
2,2027
2,2567
0,1128
2,3012
2,431
2,2031
0,2811
1,779
1,1550
0,2836
0,2151
2,525
0,1725
1,1989
0,2229
0,908
1,647
0,1634
1,79
0,2249
0,2074
0,1600
0,2308
2,2805
1,32
1,754
2,2026
2,495
2,136
2,11
2,485
1,563
1,2089
0,2141
2,389
0,723
0,1820
1,1032
1,597
2,2918
1,2685
1,2734
0,2228
0,2367
1,2176
0,1601
1,1770
0,218
0,1004
1,1063
2,3022
0,1726
1,1549
0,2295
1,1362
0,133
1,2059
2,2660
2,1439
1,929
1,1311
2,441
1,2735
2,1446
1,1580
0,551
1,2418
1,44
0,2969
2,864
2,2943
0,182
2,1415
1,2644
0,887
1,2739
1,125
1,3002
2,149
1,1167
0,2282
1,1574
0,1617
1,2061
1,2328
1,1331
1,2329
1,1958
1,1807
2,400
2,10
1,2914
2,2113
0,2886
0,728
1,2172
0,487
0,2214
0,2787
1,2103
1,1729
0,1469
1,599
0,1915
1,1978
1,1839
0,2402
0,2871
1,1096
1,2916
1,735
1,2380
0,1228
0,2355
1,851
0,734
1,1810
0,1489
2,147
0,201
1,2980
2,3008
1,1035
1,2034
1,2495
0,2854
1,1150
1,1740
0,38
2,724
1,916
1,1976
0,1828
1,790
0,2070
2,797
2,829
1,1182
0,2968
0,1187
2,2651
0,2064
1,2209
0,814
2,543
1,2749
0,2716
1,608
2,2016
1,2245
1,2184
0,2166
1,1952
1,1005
2,982
0,1479
1,663
1,560
1,2689
1,918
1,1571
2,434
1,1037
1,75
2,1276
0,2185
2,5
1,1922
1,1841
2,238
1,2334
0,2232
0,1776
1,2996
0,174
2,142
1,2609
1,1104
0,1920
2,2673
1,880
0,1238
2,265
0,2253
1,1966
0,176
0,69
2,2657
0,1229
1,1883
1,2372
2,3015
1,1833
0,2146
2,159
2,57
0,2283
1,2951
1,719
0,1492
1,2487
1,2192
2,412
2,1417
1,1042
0,515
0,1305
0,1912
2,439
1,114
0,2300
2,2001
1,2816
0,770
0,1655
0,2790
1,980
1,261
2,2921
1,1372
0,2368
0,1126
1,1066
0,635
0,628
1,103
2,417
1,96
1,1985
2,138
1,578
1,473
2,1466
1,596
0,956
1,2989
1,2683
1,757
2,3
2,521
2,435
1,1567
2,530
0,2412
0,1911
1,2865
1,2814
2,838
1,481
0,975
0,1475
1,2482
0,1388
1,1555
1,2696
0,1630
0,1739
0,1700
0,1631
1,488
1,511
2,3007
0,1741
1,1995
0,2966
1,1764
1,1951
0,378
2,1855
1,1097
2,832
1,1949
0,720
1,506
1,2178
2,827
0,1404
2,9
1,2523
2,2665
1,2528
0,614
0,219
1,2428
2,731
1,2501
0,2779
0,1891
1,1378
0,640
0,1496
0,2712
1,99
0,1295
0,785
1,2100
1,2305
0,2772
0,2599
1,2311
0,2776
1,2455
0,2409
2,3013
0,727
1,2271
0,1746
0,1411
1,92
0,555
0,2238
0,329
0,2389
1,2437
1,1162
1,1171
1,392
1,1715
0,423
1,1990
1,2545
0,1763
0,572
2,2932
2,1857
0,811
0,426
0,886
0,1732
0,2840
0,1230
1,579
0,1689
0,1298
1,2757
1,292
1,2269
0,1844
0,2411
1,1047
1,2037
1,1036
1,2748
1,1613
2,831
0,2371
1,654
1,2324
0,2281
0,1133
1,1117
0,2874
1,1814
2,825
0,1843
0,1190
1,1139
2,1245
1,1146
0,954
0,1790
1,2750
2,234
0,2050
1,2158
1,1333
0,2604
2,491
0,1531
1,668
1,2101
0,547
1,2262
0,584
1,1203
1,569
0,315
0,2797
1,1761
0,225
1,780
0,1473
0,2606
0,623
0,1796
1,2781
1,2862
0,212
1,2714
0,2852
2,2941
0,3006
0,427
1,662
0,58
1,1679
1,1381
2,940
1,505
0,1659
1,2287
1,2071
2,1278
0,1888
1,1605
0,595
1,885
1,2809
1,2188
1,479
1,23
1,1970
1,930
2,1856
1,71
0,167
1,922
2,419
2,2927
1,1422
2,490
2,725
1,1877
1,444
1,2959
1,2215
1,2429
1,1114
1,1713
0,188
1,669
0,207
0,1603
1,2709
0,195
0,1775
1,1675
1,2332
1,1111
1,1161
0,2213
1,1156
2,874
1,1091
2,524
1,2130
0,1795
1,2247
2,2655
0,1540
0,1533
1,2257
0,1866
1,2481
0,2234
2,1438
1,2556
0,1819
1,2710
1,2641
1,1108
0,2520
0,932
0,789
0,2882
1,3001
0,726
