field_id,yield
T00001,4246.433514978976
T00002,4281.40082885858
T00003,4256.3158711643655
T00004,4250.007967427941
T00005,4209.151548155761
T00006,4235.241428405453
T00007,4259.141058556317
T00008,4261.321307049168
T00009,4236.6947972802045
T00010,4320.76171697932
T00011,4239.916768131061
T00012,4210.1685908493055
T00013,4255.903918541984
T00014,4223.963773588697
T00015,4263.123991748963
T00016,4255.773521751216
T00017,4260.53880875383
T00018,4245.442965451933
T00019,4218.470525341054
T00020,4244.281345946277
T00021,4268.786992285151
T00022,4252.273418137905
T00023,4212.772404697268
T00024,4266.999350713042
T00025,4275.784818222182
T00026,4238.047288779665
T00027,4229.848394712584
T00028,4224.032142961168
T00029,4249.638443861829
T00030,4248.483551183649
T00031,4221.662216615212
T00032,4247.259350320862
T00033,4264.664274645555
T00034,4240.084470472922
T00035,4250.975100766741
T00036,4238.857943078454
T00037,4199.168783423321
T00038,4194.951019043254
T00039,4270.8713703921185
T00040,4232.8439607589535
T00041,4245.682805859874
T00042,4258.643899160853
T00043,4263.564658707717
T00044,4292.312470025517
T00045,4232.412523296725
T00046,4252.430351626533
T00047,4259.448084935683
T00048,4265.091817509455
T00049,4267.962767340137
T00050,4193.61837559585
T00051,4263.775728515559
T00052,4271.641402681891
T00053,4232.436223507375
T00054,4276.338780912698
T00055,4233.440769099092
T00056,4214.732767173699
T00057,4226.822651922477
T00058,4221.981694304649
T00059,4219.116740865632
T00060,4208.228706973525
T00061,4226.249934152385
T00062,4245.472280003408
T00063,4254.093648415691
T00064,4240.638886290548
T00065,4286.056032227468
T00066,4263.086000904888
T00067,4266.569157809766
T00068,4239.714583243002
T00069,4237.154628173404
T00070,4238.201834109244
T00071,4215.862842888095
T00072,4206.400516789007
T00073,4264.4262364145225
T00074,4254.970723552852
T00075,4237.92095821566
T00076,4261.967634447588
T00077,4257.315124908294
T00078,4260.722768205568
T00079,4287.218404285016
T00080,4253.041944658865
T00081,4243.08383362695
T00082,4230.380595049903
T00083,4279.659739987963
T00084,4195.4486222431515
T00085,4240.219202794235
T00086,4263.7414283957605
T00087,4227.427773440147
T00088,4271.466488555928
T00089,4214.916722359539
T00090,4279.641190252234
T00091,4323.227191052484
T00092,4260.224345652282
T00093,4271.303473782537
T00094,4275.208737842538
T00095,4260.115004519834
T00096,4288.47745293553
T00097,4296.115056785595
T00098,4264.372992153433
T00099,4275.906524618329
T00100,4214.141688324913
T00101,4252.350284334703
T00102,4230.404192242465
T00103,4281.051818332087
T00104,4234.176128223247
T00105,4274.8438174054545
T00106,4238.256009424822
T00107,4250.309173762724
T00108,4289.86415724333
T00109,4287.990767116754
T00110,4277.713277866109
T00111,4266.647881394816
T00112,4207.0623893764505
T00113,4254.606690928523
T00114,4269.003088179349
T00115,4244.597224135571
T00116,4251.315621120088
T00117,4260.0190186807085
T00118,4268.2896291505795
T00119,4255.676447004821
T00120,4270.919747225175
T00121,4268.12238977266
T00122,4296.995278516455
T00123,4169.762995493977
T00124,4320.920005680175
T00125,4268.929068210964
T00126,4200.05838247711
T00127,4265.8099739766885
T00128,4243.045082420188
T00129,4248.280923609366
T00130,4296.292023267986
T00131,4268.062849408987
T00132,4199.081585812884
T00133,4287.437293176821
T00134,4278.191447111886
T00135,4253.030107018825
T00136,4242.291987615223
T00137,4265.967195312142
T00138,4226.6134753961205
T00139,4261.444902583526
T00140,4233.201134001695
T00141,4225.702499434436
T00142,4262.002385272525
T00143,4294.120915518869
T00144,4217.547839377605
T00145,4266.0149631184895
T00146,4222.583316006636
T00147,4276.159345282364
T00148,4256.775744777906
T00149,4217.1727943175565
T00150,4182.899992858315
T00151,4238.649551480797
T00152,4270.986209400786
T00153,4262.554202504572
T00154,4285.0743162565805
T00155,4224.515724510047
T00156,4267.395001508897
T00157,4258.810006673723
T00158,4266.546143669894
T00159,4247.896483184666
T00160,4264.0152539487735
T00161,4215.209681641254
T00162,4281.343527618801
T00163,4274.449024904348
T00164,4260.8311840082515
T00165,4229.897139326375
T00166,4272.365686304997
T00167,4240.614320514672
T00168,4245.064864116328
T00169,4207.891021295876
T00170,4277.140883827222
T00171,4277.047973120864
T00172,4276.460984357578
T00173,4256.1457693295015
T00174,4239.5702366946925
T00175,4256.704573929613
T00176,4231.927760134987
T00177,4235.821623896358
T00178,4206.532894547128
T00179,4272.305571359449
T00180,4239.172566013449
T00181,4234.384914615266
T00182,4252.026854532002
T00183,4249.9354978706015
T00184,4231.918751322627
T00185,4246.513529462676
T00186,4209.745763900699
T00187,4238.461831635751
T00188,4246.4008054624055
T00189,4256.47118890244
T00190,4228.47278452299
T00191,4266.168240090761
T00192,4269.794967468521
T00193,4249.371471255448
T00194,4235.5921669878635
T00195,4272.712740527179
T00196,4252.034979947272
T00197,4251.3516028008235
T00198,4237.860056125631
T00199,4250.076006410166
T00200,4245.7915868228965
T00201,4248.204966979
T00202,4230.143624155538
T00203,4265.004839081616
T00204,4210.983946167845
T00205,4243.616341691656
T00206,4220.513688048404
T00207,4220.190554471067
T00208,4276.2678577780325
T00209,4247.285695673846
T00210,4267.629519973138
T00211,4261.630222989771
T00212,4276.720025844989
T00213,4244.834821883688
T00214,4243.08541185322
T00215,4270.372420053767
T00216,4297.526163903647
T00217,4260.5214471324525
T00218,4245.368241884642
T00219,4230.706474134609
T00220,4286.325834584944
T00221,4281.217345839947
T00222,4266.834947355453
T00223,4244.130341600792
T00224,4259.489682579728
T00225,4263.788341643225
T00226,4279.86677773739
T00227,4237.238547142457
T00228,4221.422971397617
T00229,4259.589871795539
T00230,4237.410267125836
T00231,4249.383387366259
T00232,4207.262381178995
T00233,4280.602213720138
T00234,4233.572654520773
T00235,4228.024109584763
T00236,4289.6620536922055
T00237,4274.8321855133845
T00238,4220.431247188984
T00239,4205.286895181126
T00240,4219.348949639465
T00241,4275.306942268569
T00242,4288.031098296828
T00243,4251.030348427526
T00244,4305.719896732968
T00245,4277.29682488963
T00246,4242.65796778815
T00247,4256.117918759265
T00248,4219.778225149551
T00249,4277.3614485947
T00250,4331.85908201838
T00251,4254.500743506763
T00252,4250.05263009445
T00253,4295.587750438535
T00254,4258.277559625115
T00255,4232.975681852732
T00256,4270.4054050819705
T00257,4308.96025544066
T00258,4244.6235182066
T00259,4207.527276330361
T00260,4261.961919311206
T00261,4271.5405757465505
T00262,4214.486931415258
T00263,4237.572005723939
T00264,4267.019352287773
T00265,4274.483870525206
T00266,4273.092721820326
T00267,4186.909999713717
T00268,4324.283700880296
T00269,4210.760895856708
T00270,4271.555586240549
T00271,4265.18693085115
T00272,4216.101374365062
T00273,4274.243961124717
T00274,4229.837517476135
T00275,4261.358968453127
T00276,4247.611395321213
T00277,4226.248912023323
T00278,4261.028918905055
T00279,4263.625504377772
T00280,4286.715673810948
T00281,4230.086903934603
T00282,4223.933820235877
T00283,4221.776267470598
T00284,4263.9762465723925
T00285,4253.855418395883
T00286,4250.853854425249
T00287,4179.834769053093
T00288,4253.280546817741
T00289,4220.04689776452
T00290,4272.169214752295
T00291,4231.5735262161525
T00292,4310.245385586348
T00293,4255.345182081449
T00294,4255.576585760153
T00295,4230.216890085064
T00296,4189.169900504807
T00297,4265.62321941768
T00298,4264.316000189599
T00299,4265.2704718078785
T00300,4271.2620541003635
T00301,4245.726607524775
T00302,4264.123956767236
T00303,4256.225116887889
T00304,4231.4411856738825
T00305,4264.5706372097
T00306,4240.544134226794
T00307,4267.883730631263
T00308,4275.669052904114
T00309,4264.865843479911
T00310,4240.391140905405
T00311,4240.861335570932
T00312,4210.345094723823
T00313,4241.734028464268
T00314,4207.164917627086
T00315,4279.316633044169
T00316,4215.2933891092225
T00317,4231.736240051404
T00318,4236.60149680747
T00319,4267.381888857133
T00320,4282.878538563265
T00321,4277.348616988262
T00322,4269.388469486914
T00323,4281.903311162844
T00324,4276.777535754966
T00325,4255.61187422065
T00326,4280.492125888604
T00327,4195.96161628408
T00328,4231.197061784033
T00329,4264.758062551273
T00330,4289.9655427342195
T00331,4231.594822829406
T00332,4232.939761644116
T00333,4233.388667992389
T00334,4243.883246762471
T00335,4257.438463904821
T00336,4231.422393143844
T00337,4273.661566791999
T00338,4281.5693719517785
T00339,4244.057573963761
T00340,4231.3389565870375
T00341,4247.160258279201
T00342,4278.813290571408
T00343,4269.643685170222
T00344,4252.608795577915
T00345,4260.128044001551
T00346,4277.008431342754
T00347,4235.843843453557
T00348,4260.516056449008
T00349,4223.021918829511
T00350,4240.634689651022
T00351,4229.54111896806
T00352,4278.706072101061
T00353,4280.143114199315
T00354,4237.391835709362
T00355,4258.589581567622
T00356,4255.97904190567
T00357,4232.296818487267
T00358,4223.225852374702
T00359,4317.177349097217
T00360,4271.019036829438
T00361,4223.4258499139005
T00362,4261.5267668553715
T00363,4231.50103490445
T00364,4252.008426523937
T00365,4235.321884105521
T00366,4290.314713537004
T00367,4255.031258992842
T00368,4235.579526549183
T00369,4235.56746860241
T00370,4242.973554501784
T00371,4244.165921431649
T00372,4268.329718967957
T00373,4224.928817888174
T00374,4238.457210052269
T00375,4250.023875988403
T00376,4255.041645902699
T00377,4255.612161550261
T00378,4263.534573985977
T00379,4230.274721651466
T00380,4276.0619489562505
T00381,4263.497205720826
T00382,4277.814055919343
T00383,4285.41218321617
T00384,4269.721316763989
T00385,4259.558159154733
T00386,4276.1907539314925
T00387,4229.609159971864
T00388,4293.011769720931
T00389,4265.507116002938
T00390,4275.341026361874
T00391,4258.48451472427
T00392,4259.836141443978
T00393,4240.78740325917
T00394,4288.639703154661
T00395,4234.10416596058
T00396,4248.186583411652
T00397,4272.4670081152235
T00398,4239.423354250358
T00399,4272.152789757452
T00400,4260.131747481347
T00401,4231.477542319655
T00402,4244.135654753526
T00403,4292.199296246656
T00404,4268.917657752273
T00405,4280.934425359047
T00406,4219.379208712588
T00407,4244.761658048655
T00408,4279.8458203181
T00409,4283.962426677512
T00410,4253.904541430029
T00411,4267.091486863069
T00412,4242.806099374125
T00413,4257.813466752734
T00414,4225.103366354926
T00415,4270.51699548482
T00416,4257.580184081673
T00417,4229.870656161413
T00418,4305.033932411837
T00419,4181.771086985294
T00420,4268.811579871789
T00421,4245.7383229915995
T00422,4273.943518468853
T00423,4259.2157680658875
T00424,4258.993358834383
T00425,4234.6638164047345
T00426,4244.792301648553
T00427,4223.719681822888
T00428,4232.8403298025
T00429,4267.412968944158
T00430,4279.463810358038
T00431,4258.204472210016
T00432,4226.0840696299565
T00433,4256.141251759336
T00434,4264.956063867901
T00435,4236.03558773785
T00436,4274.430049147931
T00437,4226.8850551161295
T00438,4251.141744046099
T00439,4254.068183972889
T00440,4258.092905752883
T00441,4269.389829914729
T00442,4200.591265336565
T00443,4229.038725627698
T00444,4252.104477754433
T00445,4258.472351307137
T00446,4309.016808419185
T00447,4235.648859249746
T00448,4268.237964124549
T00449,4284.704479728637
T00450,4223.306210285746
T00451,4270.52452163888
T00452,4248.478358559363
T00453,4239.861120364885
T00454,4253.584048930633
T00455,4274.665393042148
T00456,4263.002028883863
T00457,4211.460916887219
T00458,4279.019257506184
T00459,4215.138321419884
T00460,4226.418372608629
T00461,4263.015412734858
T00462,4240.804497890873
T00463,4238.59925431481
T00464,4266.976553643596
T00465,4180.696803085779
T00466,4215.898177423594
T00467,4241.524202520538
T00468,4305.827930925534
T00469,4292.497586698888
T00470,4263.511028846704
T00471,4253.9757466119245
T00472,4210.345771581032
T00473,4286.564157671037
T00474,4274.3289490095085
T00475,4219.982661245778
T00476,4225.390113568525
T00477,4241.982362404437
T00478,4276.927279542064
T00479,4272.737653073103
T00480,4248.274720453911
T00481,4251.064817215431
T00482,4273.84827564425
T00483,4262.185551172474
T00484,4241.420395356326
T00485,4263.789765390567
T00486,4226.189184067151
T00487,4276.790479763617
T00488,4255.734918937852
T00489,4234.318506014401
T00490,4263.404784820132
T00491,4274.517511805227
T00492,4274.825160519942
T00493,4254.113095328363
T00494,4244.060642297588
T00495,4218.805848487014
T00496,4275.257134668197
T00497,4251.898628144434
T00498,4235.3207249715415
T00499,4227.097716185549
T00500,4201.911598669993
T00501,4249.229024088177
T00502,4265.586477425237
T00503,4241.903999335855
T00504,4222.360783120516
T00505,4256.5716608354505
T00506,4225.295291239994
T00507,4239.813711207429
T00508,4268.383386063371
T00509,4282.213415301687
T00510,4226.293103541366
T00511,4272.091598747038
T00512,4242.3746168699145
T00513,4274.519308967042
T00514,4254.345852396607
T00515,4251.512803573045
T00516,4218.702834505193
T00517,4214.643516541232
T00518,4267.317114603933
T00519,4229.117316464532
T00520,4231.923315839274
T00521,4239.418242055921
T00522,4228.992717003787
T00523,4251.921030878706
T00524,4250.461520439627
T00525,4290.48212866456
T00526,4262.383840344344
T00527,4242.123881517603
T00528,4206.527368373907
T00529,4217.573899605119
T00530,4318.431528002747
T00531,4263.411509154479
T00532,4251.209858571316
T00533,4319.9090305535265
T00534,4219.5441523452255
T00535,4281.260932686189
T00536,4234.128314067632
T00537,4262.640408312925
T00538,4223.002834680121
T00539,4254.580074624743
T00540,4282.352435473037
T00541,4256.100170540383
T00542,4260.624175759827
T00543,4200.7213084794
T00544,4257.203392920264
T00545,4236.574473137688
T00546,4273.357909202854
T00547,4257.615787483813
T00548,4256.495732168263
T00549,4254.967027310122
T00550,4246.916048567891
T00551,4243.368113234742
T00552,4270.217189967592
T00553,4256.202809811423
T00554,4223.189461492986
T00555,4206.819834649622
T00556,4236.63306814482
T00557,4247.758965089323
T00558,4249.782776007997
T00559,4291.261908357145
T00560,4244.783822984968
T00561,4265.8910177294165
T00562,4243.904284125775
T00563,4259.2008604384055
T00564,4312.224105556164
T00565,4251.620833119138
T00566,4257.756644621164
T00567,4239.973353249385
T00568,4236.187213409388
T00569,4264.665810754705
T00570,4245.943157609908
T00571,4233.227336600375
T00572,4249.138026917766
T00573,4255.014125936095
T00574,4239.234714599846
T00575,4273.167487525198
T00576,4220.556932436384
T00577,4241.864873775295
T00578,4237.765737384993
T00579,4278.791402477043
T00580,4237.321333266838
T00581,4231.504518838264
T00582,4247.737849863129
T00583,4269.053306832375
T00584,4278.633422052987
T00585,4255.334318220682
T00586,4268.96445643592
T00587,4276.127472135564
T00588,4277.263856525594
T00589,4214.368384651269
T00590,4258.968580541923
T00591,4229.785779773214
T00592,4310.1602424760595
T00593,4232.254633330729
T00594,4262.709474292337
T00595,4266.003249802375
T00596,4242.652538991535
T00597,4253.084834841386
T00598,4267.029002387082
T00599,4272.322867351357
T00600,4202.332951491221
T00601,4246.701186490071
T00602,4218.389435718796
T00603,4248.282183995391
T00604,4265.040003445579
T00605,4206.796098916608
T00606,4265.483374013906
T00607,4226.811080197471
T00608,4252.140158650034
T00609,4194.095979265167
T00610,4243.273005558738
T00611,4246.28062109299
T00612,4264.424469191171
T00613,4274.716609393988
T00614,4257.049396304787
T00615,4318.045928828836
T00616,4245.261338081025
T00617,4199.50398964408
T00618,4261.150806076467
T00619,4256.5545383504095
T00620,4249.235690973001
T00621,4239.769284060497
T00622,4211.069820673952
T00623,4250.389962911794
T00624,4269.651020475518
T00625,4235.6680360101855
T00626,4213.929617572162
T00627,4189.18143462131
T00628,4249.07217545221
T00629,4246.1857979018905
T00630,4235.594699590464
T00631,4254.987211283657
T00632,4272.910933415418
T00633,4225.213186937729
T00634,4272.671912153083
T00635,4245.817099887752
T00636,4245.018500618815
T00637,4240.517841445318
T00638,4269.962649993188
T00639,4236.5077166270785
T00640,4244.546477982913
T00641,4292.923676310282
T00642,4255.78681172441
T00643,4296.7599049962455
T00644,4230.069643875529
T00645,4248.517513758336
T00646,4247.679066570547
T00647,4257.290219851625
T00648,4248.285136602384
T00649,4270.933143379714
T00650,4260.656499220071
T00651,4291.282950791426
T00652,4273.713957405511
T00653,4217.593490900993
T00654,4315.424585466401
T00655,4232.525485691347
T00656,4265.294393827747
T00657,4261.864245268956
T00658,4259.543492607299
T00659,4273.136402907077
T00660,4276.2739995429165
T00661,4250.339426761201
T00662,4259.677215077526
T00663,4260.225946888968
T00664,4277.366395043192
T00665,4215.695259189065
T00666,4236.110715084739
T00667,4269.008112066137
T00668,4271.665156209274
T00669,4206.163148195971
T00670,4253.4391704616555
T00671,4264.691670394389
T00672,4251.222124738137
T00673,4219.115840237359
T00674,4260.129860466473
T00675,4233.765489284534
T00676,4266.209155916004
T00677,4286.962758446771
T00678,4251.285099179
T00679,4236.933742996869
T00680,4270.285193100708
T00681,4259.558479416429
T00682,4224.414399828288
T00683,4273.073716913726
T00684,4249.725309198265
T00685,4241.9715193914835
T00686,4229.46017386811
T00687,4267.302953299217
T00688,4268.834726723556
T00689,4233.289956159085
T00690,4295.306252673217
T00691,4232.250046376037
T00692,4231.914788498997
T00693,4207.04608204551
T00694,4245.662191017982
T00695,4260.799535002059
T00696,4278.541440357791
T00697,4244.7351058873055
T00698,4261.810571541809
T00699,4239.862872130856
T00700,4218.8845951832445
T00701,4257.955346919361
T00702,4260.582680616796
T00703,4256.245552420296
T00704,4229.244215819613
T00705,4274.594124639357
T00706,4238.43842949827
T00707,4246.914514711244
T00708,4247.031406339548
T00709,4252.233169782343
T00710,4231.688515798391
T00711,4247.6153691316085
T00712,4273.083189248041
T00713,4240.905763307951
T00714,4237.726869912052
T00715,4223.12435532119
T00716,4248.290023986372
T00717,4267.590920890574
T00718,4208.373306695052
T00719,4257.839724250796
T00720,4282.1888696078395
T00721,4244.841402131087
T00722,4257.713049525269
T00723,4260.041506194893
T00724,4253.989157329036
T00725,4239.161456544711
T00726,4283.033604327216
T00727,4272.8919096496675
T00728,4312.475729164231
T00729,4260.709573669261
T00730,4232.4069261413115
T00731,4268.490470856159
T00732,4253.73006952616
T00733,4202.949560196787
T00734,4256.931940025732
T00735,4281.654259252442
T00736,4264.685637370151
T00737,4251.074320744981
T00738,4250.177418325206
T00739,4241.36779242387
T00740,4224.759151700293
T00741,4249.663768789638
T00742,4241.603303983123
T00743,4286.247813882232
T00744,4209.6829566914
T00745,4253.673235477397
T00746,4241.835349120063
T00747,4250.741051080153
T00748,4292.429278479412
T00749,4250.962245096397
T00750,4257.80944629125
T00751,4222.238761316746
T00752,4236.624022887776
T00753,4252.803213664474
T00754,4237.804057363284
T00755,4175.644020863785
T00756,4249.8624954365705
T00757,4244.388213413278
T00758,4251.3024019200575
T00759,4283.911894418099
T00760,4244.166821998853
T00761,4228.417807770038
T00762,4298.681411337423
T00763,4272.676953244313
T00764,4266.888650227795
T00765,4274.503031659356
T00766,4245.094558226428
T00767,4240.70074098412
T00768,4272.155166744573
T00769,4213.1207098122695
T00770,4280.96707707333
T00771,4256.504995088058
T00772,4264.039140032481
T00773,4278.102077964358
T00774,4224.706254052545
T00775,4270.8188582372695
T00776,4241.400461018255
T00777,4259.060361972306
T00778,4273.228672455264
T00779,4246.668981604018
T00780,4285.898963493172
T00781,4273.817745013656
T00782,4247.721032937261
T00783,4264.989536531886
T00784,4226.561253679806
T00785,4227.93044087926
T00786,4255.698967147412
T00787,4211.433429710873
T00788,4224.293913587736
T00789,4257.626325001023
T00790,4296.235816284128
T00791,4248.332893668788
T00792,4234.332205663267
T00793,4275.534371662726
T00794,4265.538824055858
T00795,4270.509749610401
T00796,4258.4258424375785
T00797,4230.435808214367
T00798,4235.221520328893
T00799,4245.4880944028955
T00800,4254.8840374825195
T00801,4266.755691946
T00802,4239.1485511755955
T00803,4257.479843933756
T00804,4262.37867536918
T00805,4298.964018213455
T00806,4216.23849330053
T00807,4252.22939783892
T00808,4227.184166604056
T00809,4241.560601487311
T00810,4222.236939653564
T00811,4284.740103056404
T00812,4242.016716232546
T00813,4243.376611161024
T00814,4243.789507097444
T00815,4258.503208871302
T00816,4258.68425816646
T00817,4235.842600042014
T00818,4212.679179732137
T00819,4246.894948731505
T00820,4206.527076753924
T00821,4264.001570582006
T00822,4257.0550797828255
T00823,4227.002104571504
T00824,4244.831628678558
T00825,4237.895719376725
T00826,4239.019429445984
T00827,4211.132300704708
T00828,4229.152022823597
T00829,4262.863277039832
T00830,4224.239765418256
T00831,4259.575752354731
T00832,4255.307396818984
T00833,4235.42293118819
T00834,4223.554166823791
T00835,4260.418629143003
T00836,4262.0970093069245
T00837,4285.959404685267
T00838,4236.6109527759645
T00839,4278.306598371505
T00840,4238.070188495944
T00841,4242.273090130625
T00842,4255.523333471111
T00843,4273.175991376872
T00844,4244.732661972725
T00845,4211.688058889093
T00846,4249.686916470709
T00847,4258.052072482975
T00848,4192.759787038792
T00849,4261.0775372316
T00850,4250.646430259986
T00851,4268.836317147634
T00852,4276.60516743606
T00853,4218.865536927965
T00854,4257.21198799177
T00855,4250.462487853627
T00856,4268.650097981259
T00857,4239.32635841502
T00858,4317.032359770237
T00859,4252.812051533387
T00860,4271.246893859323
T00861,4268.087992489241
T00862,4215.477526092828
T00863,4229.105393860593
T00864,4301.639873865545
T00865,4258.003850358014
T00866,4257.634191952632
T00867,4263.89269687025
T00868,4248.894383859262
T00869,4230.361379831064
T00870,4289.241703237876
T00871,4241.724267218858
T00872,4269.290933410964
T00873,4242.527472869717
T00874,4246.351304991892
T00875,4229.914299617555
T00876,4263.446019024743
T00877,4276.399100214069
T00878,4270.092899674984
T00879,4270.926367521994
T00880,4238.591909804255
T00881,4226.013827181211
T00882,4261.727287509476
T00883,4251.809464737441
T00884,4274.970984026692
T00885,4255.281084097084
T00886,4296.666654142917
T00887,4258.218287205723
T00888,4272.577452868374
T00889,4244.783779391254
T00890,4240.6811998224775
T00891,4241.7603856785245
T00892,4246.113824458421
T00893,4217.988961214552
T00894,4248.908237151275
T00895,4232.396427361559
T00896,4265.015666427022
T00897,4246.699496021172
T00898,4242.67117067644
T00899,4280.571699047483
T00900,4262.037013085583
T00901,4254.9065098071205
T00902,4278.221524510057
T00903,4200.2072733095365
T00904,4241.482990204282
T00905,4225.794388545552
T00906,4301.009120189227
T00907,4223.125438247574
T00908,4225.181988325401
T00909,4257.735772516714
T00910,4263.822430992141
T00911,4268.612349272517
T00912,4230.512061512305
T00913,4255.603520539852
T00914,4225.838127577547
T00915,4244.41995715419
T00916,4256.684129137976
T00917,4255.468680478729
T00918,4277.309966535715
T00919,4256.228637118432
T00920,4205.528047376944
T00921,4217.752511404004
T00922,4279.542573371677
T00923,4238.82274649135
T00924,4251.165696094019
T00925,4314.040549133446
T00926,4199.633279888035
T00927,4218.577215782952
T00928,4282.751247459366
T00929,4245.674155542207
T00930,4278.246250904653
T00931,4226.911449658736
T00932,4305.951372690393
T00933,4238.74066125889
T00934,4268.811246212432
T00935,4228.307887874186
T00936,4233.195989740584
T00937,4271.153824998877
T00938,4252.712156771601
T00939,4254.192720349387
T00940,4236.78775741269
T00941,4202.713007358731
T00942,4226.965998658797
T00943,4257.839679586598
T00944,4261.132687374451
T00945,4207.520251484008
T00946,4246.791102400959
T00947,4241.689554442074
T00948,4232.982224655695
T00949,4269.214289409032
T00950,4217.044101321598
T00951,4267.52141401534
T00952,4270.381535659856
T00953,4258.539489552985
T00954,4249.489879073181
T00955,4241.530684556229
T00956,4244.276375617047
T00957,4268.340334096001
T00958,4225.068312110044
T00959,4219.65983707524
T00960,4210.897379661566
T00961,4261.288163111204
T00962,4278.718808153616
T00963,4253.286248867784
T00964,4232.439659715498
T00965,4244.81448626003
T00966,4260.851709031848
T00967,4194.972605837649
T00968,4230.050383414752
T00969,4277.083538773487
T00970,4249.951583639113
T00971,4263.729691624995
T00972,4255.84775552438
T00973,4243.493503629069
T00974,4229.541114951666
T00975,4255.3943248855985
T00976,4240.696755950486
T00977,4233.601677884941
T00978,4203.431626462887
T00979,4275.099780978172
T00980,4266.572946238173
T00981,4267.615607640153
T00982,4262.243642646635
T00983,4228.839586437558
T00984,4248.627882005712
T00985,4255.523185410089
T00986,4259.837395239671
T00987,4229.832657565805
T00988,4235.685791603446
T00989,4262.379856294372
T00990,4265.437006580836
T00991,4226.809381117181
T00992,4307.063221095557
T00993,4248.024113986148
T00994,4279.074202320353
T00995,4201.367415228652
T00996,4215.996260824486
T00997,4265.141620245934
T00998,4287.849621031029
T00999,4224.577136325878
T01000,4250.738765371047
T01001,4260.221164347799
T01002,4267.709321676603
T01003,4258.605297623285
T01004,4237.099528384958
T01005,4260.765038956691
T01006,4265.406918321986
T01007,4261.168661231396
T01008,4229.7735764013405
T01009,4265.612755311538
T01010,4280.729918654986
T01011,4256.261436515455
T01012,4273.302677851141
T01013,4252.638385334448
T01014,4241.775690579107
T01015,4274.585679464433
T01016,4233.495517973952
T01017,4283.042500218411
T01018,4263.929873096136
T01019,4249.677897478975
T01020,4265.75466959664
T01021,4230.776546886216
T01022,4233.573077301269
T01023,4291.463307465974
T01024,4244.272777108317
T01025,4272.637352043448
T01026,4276.622951737676
T01027,4286.428370024603
T01028,4220.884191485417
T01029,4224.093963804943
T01030,4281.188260623885
T01031,4278.053677897578
T01032,4258.257345192638
T01033,4270.774013039774
T01034,4252.678553346697
T01035,4273.790864621978
T01036,4235.389772185831
T01037,4260.853162377787
T01038,4264.904118216488
T01039,4199.921997002706
T01040,4240.0325714083665
T01041,4242.864675154454
T01042,4243.918988014808
T01043,4270.432202251174
T01044,4231.41063902674
T01045,4251.2476899476915
T01046,4250.077202702901
T01047,4238.871958005435
T01048,4220.992825477854
T01049,4283.527832803951
T01050,4282.964940708382
T01051,4265.972797337848
T01052,4251.918102458106
T01053,4249.195449257123
T01054,4265.44073545848
T01055,4283.037355352009
T01056,4232.98567443343
T01057,4267.705793298886
T01058,4235.11961087692
T01059,4256.303098879568
T01060,4220.303280124856
T01061,4238.228210796995
T01062,4261.431470691712
T01063,4283.050454921801
T01064,4222.797685712473
T01065,4250.717433548598
T01066,4278.285387862002
T01067,4215.507620538111
T01068,4244.920267936989
T01069,4327.943410692615
T01070,4276.277056088396
T01071,4236.476429475977
T01072,4237.056818359397
T01073,4247.707426129049
T01074,4228.826757252381
T01075,4239.786541392106
T01076,4252.985871166247
T01077,4241.851345954497
T01078,4221.380347370181
T01079,4278.936481891733
T01080,4263.213282000827
T01081,4265.883182330112
T01082,4247.110374758239
T01083,4280.803592191114
T01084,4247.499064202727
T01085,4244.964293031316
T01086,4276.29346474551
T01087,4228.146086643951
T01088,4225.991438513116
T01089,4261.161817716825
T01090,4225.229559254565
T01091,4226.527533621069
T01092,4244.951830434411
T01093,4209.424971994348
T01094,4271.647438656496
T01095,4254.1577391910005
T01096,4246.798757848916
T01097,4230.280564408301
T01098,4283.049450551824
T01099,4267.974897996213
T01100,4279.326491647408
T01101,4251.22641516458
T01102,4194.153488916219
T01103,4247.005049167765
T01104,4248.272140031256
T01105,4156.080470743622
T01106,4259.327763648372
T01107,4260.469531255768
T01108,4246.742593081639
T01109,4237.200945347427
T01110,4215.8670421903425
T01111,4241.5943590783645
T01112,4283.99159099982
T01113,4234.465181257381
T01114,4270.0741944003685
T01115,4225.504478993474
T01116,4233.976926125982
T01117,4221.183107729307
T01118,4288.542918511711
T01119,4210.362931564157
T01120,4254.120651552546
T01121,4226.217166226471
T01122,4334.437955264156
T01123,4265.6084852150925
T01124,4278.520245752591
T01125,4229.336513060683
T01126,4274.866709438186
T01127,4237.315982754633
T01128,4239.623057520784
T01129,4246.841608718925
T01130,4173.094192686258
T01131,4280.6745305201075
T01132,4231.747409754483
T01133,4273.3404012418
T01134,4273.259854378648
T01135,4243.068506884121
T01136,4245.81244363262
T01137,4239.452266672329
T01138,4255.951513800543
T01139,4269.194038748947
T01140,4322.395701398881
T01141,4275.552597650034
T01142,4260.404878177986
T01143,4258.473046299409
T01144,4280.74477153693
T01145,4241.775242011439
T01146,4237.012789339601
T01147,4258.927209155716
T01148,4270.520871010126
T01149,4244.062225389759
T01150,4259.39676719686
T01151,4272.725782006464
T01152,4239.909613531104
T01153,4238.030625490837
T01154,4264.087491596153
T01155,4275.367195025741
T01156,4233.156090101859
T01157,4280.656373926811
T01158,4234.196705700353
T01159,4234.5026286705715
T01160,4262.831748722586
T01161,4269.242760289827
T01162,4238.070291035747
T01163,4249.849772894257
T01164,4270.847881666753
T01165,4261.008363279807
T01166,4245.951164539042
T01167,4282.794905629276
T01168,4231.573950690783
T01169,4255.061274944971
T01170,4260.867559689824
T01171,4264.946242162467
T01172,4230.075639069721
T01173,4254.136980842091
T01174,4234.004850801609
T01175,4293.117466663897
T01176,4294.595296106481
T01177,4210.558920728303
T01178,4256.739908648395
T01179,4260.175045798017
T01180,4270.060160645084
T01181,4263.740194391125
T01182,4213.891364180111
T01183,4240.3164425800005
T01184,4261.535423218572
T01185,4188.849970747637
T01186,4271.704710073138
T01187,4254.694494931807
T01188,4238.934727736652
T01189,4266.31966541808
T01190,4271.73769698324
T01191,4288.306230568467
T01192,4234.897628754704
T01193,4239.288138819939
T01194,4241.609948758336
T01195,4240.592744876524
T01196,4250.680273838629
T01197,4179.227120837176
T01198,4261.0345623598105
T01199,4249.188439949191
T01200,4215.772711051284
T01201,4295.18265238722
T01202,4279.151214966251
T01203,4223.074010425319
T01204,4241.710481906149
T01205,4223.149326314461
T01206,4274.053999721965
T01207,4244.697563379897
T01208,4264.252988992076
T01209,4257.844833541431
T01210,4255.757485010797
T01211,4260.7746656468
T01212,4263.843170277285
T01213,4259.495208699608
T01214,4253.360535018951
T01215,4297.9780568820825
T01216,4224.486915678538
T01217,4235.5577961751505
T01218,4248.180665923518
T01219,4223.0808939756935
T01220,4235.068122249361
T01221,4258.33851059355
T01222,4257.584799801633
T01223,4249.969699301626
T01224,4237.081300098802
T01225,4263.822831298418
T01226,4234.261865686995
T01227,4222.9162878009965
T01228,4304.108744901298
T01229,4235.472519482886
T01230,4266.9755135346695
T01231,4293.636813558005
T01232,4246.4650917160725
T01233,4278.2192452557465
T01234,4256.658272164739
T01235,4265.847876449284
T01236,4257.4744066734775
T01237,4240.326280701215
T01238,4237.39457029831
T01239,4228.852133226484
T01240,4254.14987974082
T01241,4207.450406479213
T01242,4252.080382846758
T01243,4277.60168948225
T01244,4283.072759543262
T01245,4260.131182128159
T01246,4277.213232866762
T01247,4196.805693095492
T01248,4283.286495907558
T01249,4260.4913111862625
T01250,4249.950810171927
T01251,4214.881801246456
T01252,4237.306713157102
T01253,4273.5862399996595
T01254,4239.6741489204005
T01255,4254.415271225382
T01256,4269.877769382777
T01257,4282.96961873258
T01258,4299.258120179386
T01259,4226.6655046377155
T01260,4264.4249780771715
T01261,4221.840296364262
T01262,4227.408548453233
T01263,4257.653120836761
T01264,4225.3073310867185
T01265,4228.067742954286
T01266,4281.220103429474
T01267,4231.101327620723
T01268,4248.673021541445
T01269,4217.908117028472
T01270,4243.935083510151
T01271,4267.174813836742
T01272,4219.888513800259
T01273,4276.782050432952
T01274,4243.552461816678
T01275,4256.1120078794165
T01276,4205.36388557226
T01277,4256.681078441225
T01278,4254.438408628244
T01279,4276.007790019715
T01280,4259.793237314176
T01281,4231.709519979853
T01282,4265.991366054608
T01283,4250.953052898873
T01284,4224.221462135673
T01285,4243.094298935644
T01286,4267.3652241182945
T01287,4251.920523325868
T01288,4234.552285561676
T01289,4243.872073092086
T01290,4292.055579520051
T01291,4224.077846465074
T01292,4235.12173706465
T01293,4307.564238283565
T01294,4296.266531461234
T01295,4242.613993538707
T01296,4173.692503826554
T01297,4210.000026271213
T01298,4212.9462355945725
T01299,4291.726869360917
T01300,4260.4908722045375
T01301,4218.948105365985
T01302,4306.777178533998
T01303,4217.202552167867
T01304,4276.94450460283
T01305,4256.463301835352
T01306,4289.443685496061
T01307,4235.079922465599
T01308,4273.845617566735
T01309,4281.548964951211
T01310,4266.4987015076695
T01311,4264.241831620673
T01312,4257.94140601275
T01313,4229.424275446541
T01314,4264.8340986895955
T01315,4284.3307842188515
T01316,4253.505297584427
T01317,4263.563266876386
T01318,4229.7969327121
T01319,4230.0033448793765
T01320,4288.586120193513
T01321,4250.921850142048
T01322,4223.8311211510445
T01323,4268.638999848138
T01324,4242.276109103317
T01325,4264.589617589757
T01326,4266.605009926925
T01327,4276.318602129672
T01328,4256.969888213804
T01329,4261.95826967818
T01330,4244.218956311321
T01331,4255.65019934367
T01332,4238.088369829443
T01333,4258.843108113982
T01334,4264.20034372525
T01335,4238.3903645184655
T01336,4246.557707486176
T01337,4266.179217173856
T01338,4242.507992457965
T01339,4254.858355766495
T01340,4280.408040136017
T01341,4297.844164119081
T01342,4263.525000616572
T01343,4245.493852360747
T01344,4243.881252961003
T01345,4259.779934330563
T01346,4283.963389906854
T01347,4270.871725941105
T01348,4268.926091582365
T01349,4238.255221159902
T01350,4296.94604272401
T01351,4247.869758208821
T01352,4293.523943683551
T01353,4254.5921516780245
T01354,4248.195160047803
T01355,4248.056242422864
T01356,4243.68737017624
T01357,4218.8921366964
T01358,4253.892964470024
T01359,4259.267662484694
T01360,4241.143343244448
T01361,4268.309404556829
T01362,4213.777866958793
T01363,4280.729435681032
T01364,4220.320153422517
T01365,4280.1993746153075
T01366,4280.256299485275
T01367,4270.600399356089
T01368,4276.8954802677135
T01369,4262.0069728171275
T01370,4237.921137424748
T01371,4267.748417370748
T01372,4256.287273758625
T01373,4272.42197158306
T01374,4248.117979561821
T01375,4265.184197202079
T01376,4270.776700102281
T01377,4272.278991442108
T01378,4252.455627775267
T01379,4264.39204885943
T01380,4232.165178014329
T01381,4238.128543707883
T01382,4235.631893614975
T01383,4191.8984149604885
T01384,4236.90741296143
T01385,4234.97642437681
T01386,4259.539868047784
T01387,4284.955929782924
T01388,4230.352824776381
T01389,4217.821240107511
T01390,4235.648542196877
T01391,4240.448724079513
T01392,4236.375671185113
T01393,4262.773473613443
T01394,4229.651899870051
T01395,4273.9180398055205
T01396,4272.803370772398
T01397,4252.051666838695
T01398,4277.0076596793215
T01399,4229.908302677971
T01400,4275.139846929318
T01401,4208.308351788205
T01402,4217.8361639095065
T01403,4243.481680846978
T01404,4248.4741664923995
T01405,4248.375571669246
T01406,4229.75933500829
T01407,4204.557971968525
T01408,4266.173472025719
T01409,4247.037651487068
T01410,4232.9609970471965
T01411,4265.687182889186
T01412,4257.632124856555
T01413,4243.665059876815
T01414,4232.725274418628
T01415,4256.288608126093
T01416,4251.181793617812
T01417,4269.728289910939
T01418,4231.250128318643
T01419,4333.832304761808
T01420,4198.250081139533
T01421,4249.206796935338
T01422,4265.699995389962
T01423,4252.88857617955
T01424,4232.446652632028
T01425,4254.3587685033835
T01426,4217.420167214397
T01427,4224.158244946705
T01428,4272.164659720445
T01429,4250.151386664928
T01430,4234.0521524983005
T01431,4229.327118936487
T01432,4311.500137043796
T01433,4256.506029008004
T01434,4254.4085331262095
T01435,4244.226514426179
T01436,4290.0070720881895
T01437,4247.647321134879
T01438,4255.690090699983
T01439,4220.337903385857
T01440,4211.295145618861
T01441,4261.9026093634475
T01442,4231.668406050366
T01443,4238.937983131741
T01444,4325.144938853451
T01445,4252.760878491987
T01446,4263.4570552022915
T01447,4255.424901806057
T01448,4268.379110831128
T01449,4263.060260702839
T01450,4286.450153593829
T01451,4251.567192037931
T01452,4264.911143586338
T01453,4258.243607216358
T01454,4246.355559119071
T01455,4203.639840084856
T01456,4222.024396693989
T01457,4260.438001198194
T01458,4265.670439426234
T01459,4237.541906929133
T01460,4219.235600937405
T01461,4292.810666168292
T01462,4270.362089336413
T01463,4281.496609513383
T01464,4253.772643229593
T01465,4177.602662475296
T01466,4260.038331413145
T01467,4228.585334416563
T01468,4276.405039214577
T01469,4302.2010487719335
T01470,4267.143773767522
T01471,4231.3359500573415
T01472,4235.0111637941845
T01473,4308.331593223384
T01474,4219.268517896062
T01475,4255.385719761803
T01476,4233.447626585358
T01477,4267.917041126895
T01478,4264.513970884692
T01479,4256.805683638993
T01480,4229.590115765646
T01481,4275.290947899392
T01482,4242.362861048607
T01483,4265.282392578401
T01484,4263.143127989217
T01485,4216.800859813972
T01486,4221.1433993765995
T01487,4259.827937935465
T01488,4231.127829927351
T01489,4245.355550034364
T01490,4238.626728749011
T01491,4249.507017100359
T01492,4262.398037016444
T01493,4232.766475026387
T01494,4276.8457475639325
T01495,4240.801052899997
T01496,4264.289089342391
T01497,4283.479126732102
T01498,4252.916401374136
T01499,4263.9047186007265
T01500,4263.543256395039
T01501,4238.8325455493205
T01502,4260.80309468717
T01503,4211.65246951904
T01504,4276.366045067815
T01505,4267.72659625108
T01506,4218.637572506791
T01507,4246.269944276829
T01508,4260.845475511337
T01509,4262.852024433555
T01510,4243.863135660559
T01511,4239.342861968679
T01512,4228.89666412016
T01513,4212.9666760894615
T01514,4237.820761429407
T01515,4241.252448561255
T01516,4241.824104404794
T01517,4235.2668732414695
T01518,4235.583649181122
T01519,4175.234359029817
T01520,4251.446261337143
T01521,4291.607448561909
T01522,4258.7716373293215
T01523,4289.617347327231
T01524,4230.351101403509
T01525,4253.478885518899
T01526,4255.305897442929
T01527,4214.410805745072
T01528,4259.488804635334
T01529,4252.60632213971
T01530,4252.695400899349
T01531,4226.546938139757
T01532,4275.517140938363
T01533,4252.1434557642415
T01534,4224.8544802511315
T01535,4238.832263366392
T01536,4240.7059071480735
T01537,4256.20132303187
T01538,4235.802491841033
T01539,4254.248700505422
T01540,4262.603073663795
T01541,4279.449200422748
T01542,4265.385544507543
T01543,4229.0143886622645
T01544,4202.02666753214
T01545,4251.832340334367
T01546,4295.611208961798
T01547,4247.489323183133
T01548,4267.79036666625
T01549,4246.112431974417
T01550,4273.264069403413
T01551,4260.843709386491
T01552,4240.254915176284
T01553,4262.394913767564
T01554,4284.372095306361
T01555,4245.510131560776
T01556,4228.666563204968
T01557,4246.00592460514
T01558,4250.369398619956
T01559,4259.173974573874
T01560,4258.653654308971
T01561,4261.5543190473345
T01562,4279.901563262027
T01563,4289.193850388079
T01564,4200.747336589612
T01565,4307.744732628923
T01566,4260.608008037947
T01567,4263.440619068403
T01568,4263.129531770659
T01569,4236.945558979686
T01570,4257.741839729596
T01571,4236.694232576577
T01572,4280.0165099845335
T01573,4265.565386133024
T01574,4296.317043424652
T01575,4242.186288609382
T01576,4257.371763781187
T01577,4237.584761729732
T01578,4191.979597552344
T01579,4225.620096445298
T01580,4230.0263911404945
T01581,4288.915220090379
T01582,4245.74158346318
T01583,4223.2559146464355
T01584,4258.0937348784655
T01585,4314.20075960336
T01586,4249.107625415304
T01587,4248.795808537858
T01588,4254.023048807074
T01589,4301.125800164186
T01590,4270.580770097967
T01591,4237.782530815931
T01592,4226.819771381012
T01593,4230.992537613246
T01594,4232.746476004167
T01595,4280.096787361959
T01596,4230.809384302861
T01597,4243.296176489319
T01598,4225.153873706048
T01599,4237.820470312614
T01600,4268.167523000485
T01601,4224.6695315652005
T01602,4239.215528664261
T01603,4256.423405787566
T01604,4255.147980377271
T01605,4304.93549157144
T01606,4221.269058683319
T01607,4237.637945002007
T01608,4269.980833322072
T01609,4280.544129093344
T01610,4250.140979436805
T01611,4264.087996563307
T01612,4257.165434707859
T01613,4259.000687452126
T01614,4248.859745369753
T01615,4249.979402268467
T01616,4238.487853047832
T01617,4222.2535441014
T01618,4235.726024410161
T01619,4242.870767371229
T01620,4225.750181488009
T01621,4254.431081540906
T01622,4313.536090400666
T01623,4294.503701580749
T01624,4244.5874019011935
T01625,4299.918851719607
T01626,4264.439637693063
T01627,4238.636463894927
T01628,4260.3701590319815
T01629,4236.5438730754095
T01630,4302.108969149442
T01631,4307.073860565695
T01632,4264.034700574273
T01633,4261.073049714483
T01634,4244.053159793924
T01635,4231.77186200033
T01636,4289.948517883418
T01637,4229.30451709678
T01638,4217.748039206621
T01639,4266.733895074401
T01640,4246.937901209538
T01641,4261.60937472446
T01642,4239.909238967793
T01643,4249.582746308005
T01644,4268.892253377852
T01645,4269.089928132428
T01646,4236.3232667935845
T01647,4248.380011341381
T01648,4263.299896141472
T01649,4267.605820871024
T01650,4357.245256121428
T01651,4260.795768984245
T01652,4227.980377348026
T01653,4255.370645557592
T01654,4222.008610792778
T01655,4266.272815444643
T01656,4255.9272649123495
T01657,4236.619654265637
T01658,4274.548878432985
T01659,4253.801108648766
T01660,4277.945962937869
T01661,4278.966679150711
T01662,4249.956572552484
T01663,4214.995671113834
T01664,4237.753920203072
T01665,4261.32090859794
T01666,4259.4137046543
T01667,4228.938892541167
T01668,4247.12697900743
T01669,4163.106482506084
T01670,4246.455455131294
T01671,4238.311222619915
T01672,4230.613333129126
T01673,4244.569317528164
T01674,4274.011871502309
T01675,4264.375530281784
T01676,4234.345629460312
T01677,4221.156452778734
T01678,4232.313525600309
T01679,4233.789491523727
T01680,4266.337481779637
T01681,4239.387590144079
T01682,4281.242254512271
T01683,4254.744486271733
T01684,4241.4915523249565
T01685,4265.4274913157
T01686,4287.344524278974
T01687,4273.246307808948
T01688,4245.599732679721
T01689,4222.74031156704
T01690,4259.049363254652
T01691,4253.28114118386
T01692,4250.8865258521755
T01693,4253.5519632901205
T01694,4249.645736338498
T01695,4205.0222475263
T01696,4248.6443400404505
T01697,4288.642816400611
T01698,4240.342666727534
T01699,4187.51303023194
T01700,4238.27061124544
T01701,4231.76919936436
T01702,4240.962584942011
T01703,4273.265039943303
T01704,4269.756126662382
T01705,4213.560206634722
T01706,4249.1503212129455
T01707,4256.424287619436
T01708,4238.934917592577
T01709,4266.912234367106
T01710,4218.725967663101
T01711,4198.122193323436
T01712,4246.131238743496
T01713,4282.514307994303
T01714,4254.055684703204
T01715,4241.100104253752
T01716,4237.738361525427
T01717,4252.141563145083
T01718,4243.799842001468
T01719,4306.881552315865
T01720,4262.919716332363
T01721,4285.841279155477
T01722,4202.355328270479
T01723,4224.709675653856
T01724,4227.5612147759875
T01725,4245.442120544711
T01726,4232.325667565128
T01727,4261.552874421815
T01728,4286.562005463408
T01729,4244.653787780088
T01730,4269.333428215224
T01731,4208.168097415012
T01732,4226.0994116634165
T01733,4197.028996838266
T01734,4259.030068922018
T01735,4265.4405977735905
T01736,4239.107382121619
T01737,4229.502633285812
T01738,4266.010368823823
T01739,4249.25258793788
T01740,4242.009081124662
T01741,4226.162387076274
T01742,4274.614225515421
T01743,4245.061756030457
T01744,4264.729153379674
T01745,4189.940865022941
T01746,4227.076774552404
T01747,4222.247102816319
T01748,4281.664088020693
T01749,4241.302686547716
T01750,4260.625952311164
T01751,4241.5091883167315
T01752,4223.667634957581
T01753,4275.333730693846
T01754,4229.2992312121605
T01755,4238.669505484466
T01756,4235.27612855156
T01757,4233.830815321038
T01758,4269.934710290706
T01759,4234.68837388192
T01760,4244.660942978817
T01761,4226.325203735806
T01762,4291.5863946490235
T01763,4216.793177756408
T01764,4251.812915958345
T01765,4244.337717127354
T01766,4273.666998013198
T01767,4260.820585490539
T01768,4277.731570881071
T01769,4260.091525832103
T01770,4262.6694891231045
T01771,4268.843061688087
T01772,4251.520235397469
T01773,4262.482600137992
T01774,4235.304126937306
T01775,4286.6963568033225
T01776,4256.558272112137
T01777,4252.269586361597
T01778,4258.605302459864
T01779,4258.242122030251
T01780,4258.230757598835
T01781,4240.256925501713
T01782,4277.6292060459855
T01783,4232.516143461309
T01784,4256.7534099452105
T01785,4208.656367676224
T01786,4229.2990905118
T01787,4275.358199760484
T01788,4264.1116692917785
T01789,4268.366113406508
T01790,4258.934981567607
T01791,4231.985795160006
T01792,4265.561296891836
T01793,4242.407105685468
T01794,4242.256276684157
T01795,4244.899755077593
T01796,4157.301344034706
T01797,4277.568476588858
T01798,4318.245444643425
T01799,4240.279920443324
T01800,4268.222062999182
T01801,4260.724602420643
T01802,4258.003424714561
T01803,4223.937073679398
T01804,4216.958948086424
T01805,4249.203351023035
T01806,4288.649091444872
T01807,4252.007124458816
T01808,4247.552599723884
T01809,4228.635483011668
T01810,4218.412205227468
T01811,4242.560650456748
T01812,4283.736678998657
T01813,4246.925796713504
T01814,4275.936865161499
T01815,4229.661713208381
T01816,4272.554001931231
T01817,4257.502568552027
T01818,4275.982673348539
T01819,4244.754394549645
T01820,4229.269585859614
T01821,4253.663478757977
T01822,4202.721576648201
T01823,4246.196650509243
T01824,4260.1891941420445
T01825,4247.3504425612455
T01826,4258.077766139141
T01827,4216.040594543176
T01828,4239.968507380993
T01829,4255.437090613193
T01830,4278.167456519565
T01831,4229.059793273827
T01832,4268.327392247855
T01833,4229.762850885226
T01834,4240.186806977613
T01835,4242.655555071304
T01836,4262.348111567099
T01837,4259.854655201171
T01838,4224.516492563172
T01839,4229.586308641748
T01840,4292.78429801471
T01841,4231.977040064177
T01842,4256.628396195225
T01843,4314.188376394874
T01844,4243.20590782602
T01845,4264.7481300764985
T01846,4227.019009258056
T01847,4189.475888339946
T01848,4259.124514254793
T01849,4279.322448957223
T01850,4287.242463579134
T01851,4269.11144721606
T01852,4266.897360874982
T01853,4236.164199500518
T01854,4225.4582157575915
T01855,4262.431549566553
T01856,4272.1174680501435
T01857,4278.0829615157745
T01858,4263.577196615182
T01859,4276.026552584742
T01860,4267.209804613987
T01861,4286.887050290194
T01862,4266.545953551709
T01863,4216.663609800583
T01864,4263.391350166595
T01865,4214.534437626056
T01866,4296.812782506905
T01867,4268.468447307286
T01868,4215.9981239713525
T01869,4227.166188392991
T01870,4244.846915763905
T01871,4268.528388091702
T01872,4244.541800202868
T01873,4193.659359795083
T01874,4254.088439814996
T01875,4255.594289145051
T01876,4256.380669127239
T01877,4224.602644451327
T01878,4244.549344970744
T01879,4242.613735659367
T01880,4253.840297099638
T01881,4309.4171176564005
T01882,4255.176316273079
T01883,4288.8542478261
T01884,4229.950006373603
T01885,4300.059523710683
T01886,4245.972202804472
T01887,4225.553405483696
T01888,4278.128411915636
T01889,4240.506676259118
T01890,4208.311923736989
T01891,4236.937823596235
T01892,4252.4648887478625
T01893,4255.2652651018025
T01894,4254.033568285196
T01895,4252.8079367423625
T01896,4221.459459824665
T01897,4235.45450899489
T01898,4245.762709733174
T01899,4246.351156852402
T01900,4257.089935482205
T01901,4276.774743980175
T01902,4252.137340855209
T01903,4284.723663793019
T01904,4266.095503571984
T01905,4254.556312523611
T01906,4208.679919531499
T01907,4257.59516909928
T01908,4260.340212657434
T01909,4268.3142967280155
T01910,4273.429986037386
T01911,4245.067841217903
T01912,4257.556839481752
T01913,4200.830632167275
T01914,4255.148289490093
T01915,4226.019034947034
T01916,4254.187515546116
T01917,4252.565055667244
T01918,4282.1512111389475
T01919,4258.755292653693
T01920,4265.4752559679455
T01921,4269.366670784513
T01922,4255.3686308160995
T01923,4281.679485330415
T01924,4243.446266196401
T01925,4310.675981733339
T01926,4242.133612204516
T01927,4232.136032003653
T01928,4229.196591924334
T01929,4258.408417754925
T01930,4237.3079244706905
T01931,4224.731699887567
T01932,4220.600335902098
T01933,4251.5376757541435
T01934,4214.130144331373
T01935,4237.176530614617
T01936,4297.987664672361
T01937,4217.166189767928
T01938,4263.795361760323
T01939,4237.077402282718
T01940,4242.327700583396
T01941,4250.304698948575
T01942,4238.045043387983
T01943,4234.472811371646
T01944,4243.999116821419
T01945,4279.341039081587
T01946,4235.578680816536
T01947,4251.359913207227
T01948,4218.834596324889
T01949,4282.7762357715965
T01950,4224.788355654584
T01951,4219.508486860949
T01952,4305.891137359772
T01953,4228.429883893534
T01954,4277.340776028685
T01955,4262.944596928195
T01956,4238.899471707955
T01957,4247.9299180117
T01958,4226.959906360153
T01959,4299.676386504298
T01960,4266.475508608438
T01961,4247.0033599314165
T01962,4291.198141911619
T01963,4281.951401747211
T01964,4236.5485294291575
T01965,4239.139994809548
T01966,4267.462204869311
T01967,4214.019673786697
T01968,4249.702910711374
T01969,4265.479727862431
T01970,4249.5174785753925
T01971,4240.737127506775
T01972,4253.437163714581
T01973,4216.041079888073
T01974,4227.304303084425
T01975,4263.140346264829
T01976,4271.733870007648
T01977,4287.016516755586
T01978,4252.470624288637
T01979,4259.669690670163
T01980,4247.858928441735
T01981,4265.107731425605
T01982,4256.255102810281
T01983,4278.431844999645
T01984,4286.843650999671
T01985,4277.6529135653245
T01986,4224.347385106102
T01987,4234.661431334375
T01988,4285.499612105862
T01989,4226.7691608127425
T01990,4260.891496421039
T01991,4249.926849083535
T01992,4260.097436961659
T01993,4239.435867662275
T01994,4253.4260635293
T01995,4289.3951376211535
T01996,4268.943310887671
T01997,4246.10106261087
T01998,4226.438747267341
T01999,4260.194110577216
T02000,4243.002707221537
